{
    "name": "jTable",
    "title": "jTable",
    "description": "A JQuery plugin to create AJAX based CRUD tables (grids). It supports paging, sorting, selecting, master/child tables, show/hide/resize columns, localization, themes and more.",
    "keywords": [
        "ajax",
        "table",
		"grid",
		"crud",
		"jtable",
		"paging",
		"sorting"
    ],
    "version": "2.6.0",
    "author": {
        "name": "Halil ibrahim Kalkan",
		"email": "halil@jtable.org",
        "url": "http://www.halilibrahimkalkan.com"
    },
    "maintainers": [
        {
            "name": "Halil ibrahim Kalkan",
            "email": "hi_kalkan@yahoo.com",
            "url": "http://www.halilibrahimkalkan.com"
        }
    ],
    "licenses": [
        {
            "type": "MIT",
            "url": "http://en.wikipedia.org/wiki/MIT_License"
        }
    ],
    "bugs": "https://github.com/volosoft/jtable/issues",
    "homepage": "http://www.jtable.org",
    "docs": "http://jtable.org/Home/Documents",
    "download": "http://jtable.org/Home/Downloads",
    "dependencies": {
		"jquery": ">=1.9.1",
		"jqueryui": ">=1.9.2"
    }
}